{
    "name": "Trusted Traveler Presentation Definition",
    "purpose": "Multi-vaccine and more...",
    "comment": "VP, OIDC, DIDComm, or CHAPI outer wrapper here",
    "presentation_definition": {
      "id": "32f54163-7166-48f1-93d8-ff217bdb0653",
      "submission_requirements": [
        {
          "name": "Trusted Traveler",
          "rule": "all",
          "from": "Health Proof Option"
        }
      ],
      "input_descriptors": [
        {
          "id": "health_input_1",
          "name": "Vaccination",
          "group": [
            "Health Proof Option"
          ],
          "purpose": "stuff",
          "schema": [
            {
              "uri": "RuuJwd3JMffNwZ43DcJKN1:2:Vaccination:1.4",
              "required": "true"
            }
          ],
          "constraints": {
            "fields": [
              {
                "path": [
                  "$.mpid"
                ],
                "filter": {
                  "type": "string"
                }
              },
              {
                "path": [
                  "$.patient_local_id"
                ],
                "filter": {
                  "type": "string"
                }
              },
              {
                "path": [
                  "$.sending_facility"
                ],
                "filter": {
                  "type": "string"
                }
              },
              {
                "path": [
                  "$.patient_surnames"
                ],
                "filter": {
                  "type": "string"
                }
              },
              {
                "path": [
                  "$.patient_given_names"
                ],
                "filter": {
                  "type": "string"
                }
              },
              {
                "path": [
                  "$.patient_date_of_birth"
                ],
                "filter": {
                  "type": "string",
                  "format": "date"
                }
              },
              {
                "path": [
                  "$.patient_gender_legal"
                ],
                "filter": {
                  "type": "string"
                }
              },
              {
                "path": [
                  "$.patient_street_address"
                ],
                "filter": {
                  "type": "string"
                }
              },
              {
                "path": [
                  "$.patient_city"
                ],
                "filter": {
                  "type": "string"
                }
              },
              {
                "path": [
                  "$.patient_state_province_region"
                ],
                "filter": {
                  "type": "string"
                }
              },
              {
                "path": [
                  "$.patient_postalcode"
                ],
                "filter": {
                  "type": "string"
                }
              },
              {
                "path": [
                  "$.patient_country"
                ],
                "filter": {
                  "type": "string"
                }
              },
              {
                "path": [
                  "$.patient_phone"
                ],
                "filter": {
                  "type": "string"
                }
              },
              {
                "path": [
                  "$.patient_email"
                ],
                "filter": {
                  "type": "string"
                }
              },
              {
                "path": [
                  "$.vaccine_record_id"
                ],
                "filter": {
                  "type": "string"
                }
              },
              {
                "path": [
                  "$.vaccine_administration_facility_id"
                ],
                "filter": {
                  "type": "string"
                }
              },
              {
                "path": [
                  "$.vaccine_administration_facility_id_qualifier"
                ],
                "filter": {
                  "type": "string"
                }
              },
              {
                "path": [
                  "$.vaccine_administration_facility_name"
                ],
                "filter": {
                  "type": "string"
                }
              },
              {
                "path": [
                  "$.vaccine_administration_state_province_region"
                ],
                "filter": {
                  "type": "string"
                }
              },
              {
                "path": [
                  "$.vaccine_administration_postalcode"
                ],
                "filter": {
                  "type": "string",
                  "pattern": "KF5cZHs1fSQpfCheXGR7NX0tXGR7NH0kKQ=="
                }
              },
              {
                "path": [
                  "$.vaccine_administration_country"
                ],
                "filter": {
                  "type": "string"
                }
              },
              {
                "path": [
                  "$.vaccine_administration_date"
                ],
                "filter": {
                  "type": "string",
                  "exclusiveMaximum": "today:-:1209600"
                }
              },
              {
                "path": [
                  "$.vaccine_dose_number"
                ],
                "filter": {
                  "type": "number"
                }
              },
              {
                "path": [
                  "$.vaccine_series_complete"
                ],
                "filter": {
                  "const": "true",
                  "type": "boolean"
                }
              },
              {
                "path": [
                  "$.vaccine_lot_number"
                ],
                "filter": {
                  "type": "string"
                }
              },
              {
                "path": [
                  "$.vaccine_code"
                ],
                "filter": {
                  "type": "string"
                }
              },
              {
                "path": [
                  "$.vaccine_code_qualifier"
                ],
                "filter": {
                  "type": "string"
                }
              },
              {
                "path": [
                  "$.vaccine_code_name"
                ],
                "filter": {
                  "type": "string"
                }
              },
              {
                "path": [
                  "$.vaccine_manufacturer_code"
                ],
                "filter": {
                  "type": "string"
                }
              },
              {
                "path": [
                  "$.vaccine_manufacturer_code_qualifier"
                ],
                "filter": {
                  "type": "string"
                }
              },
              {
                "path": [
                  "$.vaccine_manufacturer_code_name"
                ],
                "filter": {
                  "type": "string"
                }
              },
              {
                "path": [
                  "$.vaccine_disease_target_code"
                ],
                "filter": {
                  "type": "string"
                }
              },
              {
                "path": [
                  "$.vaccine_disease_target_code_qualifier"
                ],
                "filter": {
                  "type": "string"
                }
              },
              {
                "path": [
                  "$.vaccine_disease_target_name"
                ],
                "filter": {
                  "type": "string"
                }
              },
              {
                "path": [
                  "$.vaccine_administration_provider_id"
                ],
                "filter": {
                  "type": "string"
                }
              },
              {
                "path": [
                  "$.vaccine_administration_provider_id_qualifier"
                ],
                "filter": {
                  "type": "string"
                }
              },
              {
                "path": [
                  "$.vaccine_administration_provider_fullname"
                ],
                "filter": {
                  "type": "string"
                }
              },
              {
                "path": [
                  "$.vaccine_education_reference_material"
                ],
                "filter": {
                  "type": "string"
                }
              },
              {
                "path": [
                  "$.certificate_original_issuer"
                ],
                "filter": {
                  "type": "string"
                }
              },
              {
                "path": [
                  "$.certificate_original_identifier"
                ],
                "filter": {
                  "type": "string"
                }
              },
              {
                "path": [
                  "$.credential_issuer_name"
                ],
                "filter": {
                  "type": "string"
                }
              },
              {
                "path": [
                  "$.credential_issue_date"
                ],
                "filter": {
                  "type": "string",
                  "format": "date"
                }
              }
            ]
          }
        },
        {
          "id": "health_input_2",
          "name": "Lab_Result",
          "group": [
            "Health Proof Option"
          ],
          "purpose": "stuff",
          "schema": [
            {
              "uri": "RuuJwd3JMffNwZ43DcJKN1:2:Lab_Result:1.4",
              "required": "true"
            }
          ],
          "constraints": {
            "fields": [
              {
                "path": [
                  "$.mpid"
                ],
                "filter": {
                  "type": "string"
                }
              },
              {
                "path": [
                  "$.patient_local_id"
                ],
                "filter": {
                  "type": "string"
                }
              },
              {
                "path": [
                  "$.patient_surnames"
                ],
                "filter": {
                  "type": "string"
                }
              },
              {
                "path": [
                  "$.patient_given_names"
                ],
                "filter": {
                  "type": "string"
                }
              },
              {
                "path": [
                  "$.patient_date_of_birth"
                ],
                "filter": {
                  "type": "string",
                  "format": "date"
                }
              },
              {
                "path": [
                  "$.patient_gender_legal"
                ],
                "filter": {
                  "type": "string"
                }
              },
              {
                "path": [
                  "$.patient_street_address"
                ],
                "filter": {
                  "type": "string"
                }
              },
              {
                "path": [
                  "$.patient_city"
                ],
                "filter": {
                  "type": "string"
                }
              },
              {
                "path": [
                  "$.patient_state_province_region"
                ],
                "filter": {
                  "type": "string"
                }
              },
              {
                "path": [
                  "$.patient_postalcode"
                ],
                "filter": {
                  "type": "string"
                }
              },
              {
                "path": [
                  "$.patient_country"
                ],
                "filter": {
                  "type": "string"
                }
              },
              {
                "path": [
                  "$.patient_phone"
                ],
                "filter": {
                  "type": "string"
                }
              },
              {
                "path": [
                  "$.patient_email"
                ],
                "filter": {
                  "type": "string"
                }
              },
              {
                "path": [
                  "$.lab_observation_date_time"
                ],
                "filter": {
                  "type": "string"
                }
              },
              {
                "path": [
                  "$.lab_result"
                ],
                "filter": {
                  "type": "string",
                  "oneOf": [
                    {
                      "const": "Negative",
                      "dependent_fields": [
                        {
                          "path": [
                            "$.lab_specimen_collected_date"
                          ],
                          "filter": {
                            "type": "string",
                            "maximum": "today",
                            "minimum": "today:-:259200"
                          }
                        }
                      ]
                    }
                  ]
                }
              },
              {
                "path": [
                  "$.lab_specimen_type"
                ],
                "filter": {
                  "type": "string"
                }
              },
              {
                "path": [
                  "$.lab_result_status"
                ],
                "filter": {
                  "type": "string"
                }
              },
              {
                "path": [
                  "$.lab_coding_qualifier"
                ],
                "filter": {
                  "type": "string"
                }
              },
              {
                "path": [
                  "$.lab_code"
                ],
                "filter": {
                  "type": "string"
                }
              },
              {
                "path": [
                  "$.lab_description"
                ],
                "filter": {
                  "type": "string"
                }
              },
              {
                "path": [
                  "$.lab_order_id"
                ],
                "filter": {
                  "type": "string"
                }
              },
              {
                "path": [
                  "$.lab_normality"
                ],
                "filter": {
                  "type": "string"
                }
              },
              {
                "path": [
                  "$.lab_comment"
                ],
                "filter": {
                  "type": "string"
                }
              },
              {
                "path": [
                  "$.ordering_facility_id"
                ],
                "filter": {
                  "type": "string"
                }
              },
              {
                "path": [
                  "$.ordering_facility_id_qualifier"
                ],
                "filter": {
                  "type": "string"
                }
              },
              {
                "path": [
                  "$.ordering_facility_name"
                ],
                "filter": {
                  "type": "string"
                }
              },
              {
                "path": [
                  "$.ordering_facility_state_province_region"
                ],
                "filter": {
                  "type": "string"
                }
              },
              {
                "path": [
                  "$.ordering_facility_postalcode"
                ],
                "filter": {
                  "type": "string"
                }
              },
              {
                "path": [
                  "$.ordering_facility_country"
                ],
                "filter": {
                  "type": "string"
                }
              },
              {
                "path": [
                  "$.performing_laboratory_id"
                ],
                "filter": {
                  "type": "string"
                }
              },
              {
                "path": [
                  "$.performing_laboratory_id_qualifier"
                ],
                "filter": {
                  "type": "string"
                }
              },
              {
                "path": [
                  "$.performing_laboratory_name"
                ],
                "filter": {
                  "type": "string"
                }
              },
              {
                "path": [
                  "$.performing_laboratory_state_province_region"
                ],
                "filter": {
                  "type": "string"
                }
              },
              {
                "path": [
                  "$.performing_laboratory_postalcode"
                ],
                "filter": {
                  "type": "string"
                }
              },
              {
                "path": [
                  "$.performing_laboratory_country"
                ],
                "filter": {
                  "type": "string"
                }
              },
              {
                "path": [
                  "$.lab_performed_by"
                ],
                "filter": {
                  "type": "string"
                }
              },
              {
                "path": [
                  "$.credential_issuer_name"
                ],
                "filter": {
                  "type": "string"
                }
              },
              {
                "path": [
                  "$.credential_issue_date"
                ],
                "filter": {
                  "type": "string"
                }
              }
            ]
          }
        }
      ]
    }
  }
